[
  {
    "value": "home_delivery",
    "synonyms": [
      "home_delivery",
      "do you deliver?",
      "can I get food delivered?"
    ]
  },
  {
    "value": "opening_hours",
    "synonyms": [
      "opening_hours",
      "what time do you open?",
      "restaurant timings"
    ]
  },
  {
    "value": "vegetarian_options",
    "synonyms": [
      "vegetarian_options",
      "do you have vegetarian food?",
      "vegetarian menU"
    ]
  },
  {
    "value": "order_modification",
    "synonyms": [
      "order_modification",
      "modify order",
      "edit my order"
    ]
  },
  {
    "value": "order_tracking",
    "synonyms": [
      "order_tracking",
      "where is my food?",
      "order status"
    ]
  }
]