[
  {
    "id": "b7311b0c-5a35-416e-b132-c0dad987cbb5",
    "data": [
      {
        "text": "Where is my order?",
        "userDefined": false
      }
    ],
    "isTemplate": false,
    "count": 0,
    "lang": "en",
    "updated": 0
  },
  {
    "id": "d5cc2e3a-095b-4c9b-9509-6443ed66246a",
    "data": [
      {
        "text": "Do you have vegetarian dishes",
        "userDefined": false
      }
    ],
    "isTemplate": false,
    "count": 0,
    "lang": "en",
    "updated": 0
  },
  {
    "id": "af1944f0-96a5-4ce8-96e8-fb8bba7f6902",
    "data": [
      {
        "text": "Can I modify my order after placing it?",
        "userDefined": false
      }
    ],
    "isTemplate": false,
    "count": 0,
    "lang": "en",
    "updated": 0
  },
  {
    "id": "612c11ea-19a2-4e87-8a18-3c2115b26360",
    "data": [
      {
        "text": "Do you offer home delivery?",
        "userDefined": false
      }
    ],
    "isTemplate": false,
    "count": 0,
    "lang": "en",
    "updated": 0
  },
  {
    "id": "1e6f43ce-feea-4374-9703-90ea1fdd4fbd",
    "data": [
      {
        "text": "What are your opening hours?",
        "userDefined": false
      }
    ],
    "isTemplate": false,
    "count": 0,
    "lang": "en",
    "updated": 0
  }
]