[
  {
    "id": "4e4b1f78-30ab-426e-a422-45a7004f2d79",
    "data": [
      {
        "text": ".",
        "userDefined": false
      }
    ],
    "isTemplate": false,
    "count": 0,
    "lang": "en",
    "updated": 0
  },
  {
    "id": "5c1aec9a-e663-47ea-a91e-444c347302d6",
    "data": [
      {
        "text": "Hey chatbot",
        "userDefined": false
      }
    ],
    "isTemplate": false,
    "count": 0,
    "lang": "en",
    "updated": 0
  },
  {
    "id": "95ea778f-8bcc-4e68-a220-001ba32cca4b",
    "data": [
      {
        "text": "Good Morning",
        "userDefined": false
      }
    ],
    "isTemplate": false,
    "count": 0,
    "lang": "en",
    "updated": 0
  },
  {
    "id": "14775263-8886-438c-9162-229165ae8baf",
    "data": [
      {
        "text": "Hey",
        "userDefined": false
      }
    ],
    "isTemplate": false,
    "count": 0,
    "lang": "en",
    "updated": 0
  },
  {
    "id": "7bebb67b-0926-4d33-9930-6ef7b7f96078",
    "data": [
      {
        "text": "HI",
        "userDefined": false
      }
    ],
    "isTemplate": false,
    "count": 0,
    "lang": "en",
    "updated": 0
  },
  {
    "id": "25825ee1-eb1b-4aa0-a99a-dca1916a2a4c",
    "data": [
      {
        "text": "Hello",
        "userDefined": false
      }
    ],
    "isTemplate": false,
    "count": 0,
    "lang": "en",
    "updated": 0
  }
]