[
  {
    "id": "c1c825fa-10a0-4cec-bd94-d63341017341",
    "data": [
      {
        "text": "I want to talk to an agent",
        "userDefined": false
      }
    ],
    "isTemplate": false,
    "count": 0,
    "lang": "en",
    "updated": 0
  },
  {
    "id": "94771b51-aa17-4fcd-93e3-e0b15a657192",
    "data": [
      {
        "text": "oky",
        "userDefined": false
      }
    ],
    "isTemplate": false,
    "count": 0,
    "lang": "en",
    "updated": 0
  },
  {
    "id": "e295b811-1f30-44f5-8c48-223f083e6afa",
    "data": [
      {
        "text": "I need help from a real person.",
        "userDefined": false
      }
    ],
    "isTemplate": false,
    "count": 0,
    "lang": "en",
    "updated": 0
  },
  {
    "id": "c8b59f50-25d0-421b-83ec-cc25d51ffe0c",
    "data": [
      {
        "text": "Connect me to a human.",
        "userDefined": false
      }
    ],
    "isTemplate": false,
    "count": 0,
    "lang": "en",
    "updated": 0
  },
  {
    "id": "f7440cc6-8f6e-4aca-9d3a-291726379e4c",
    "data": [
      {
        "text": "I want to speak to customer support.",
        "userDefined": false
      }
    ],
    "isTemplate": false,
    "count": 0,
    "lang": "en",
    "updated": 0
  },
  {
    "id": "58495ac2-e2d5-4ee6-9ef2-edaf796b76c5",
    "data": [
      {
        "text": "Can I chat with an agent?",
        "userDefined": false
      }
    ],
    "isTemplate": false,
    "count": 0,
    "lang": "en",
    "updated": 0
  },
  {
    "id": "e4233136-4d40-403b-a56d-c068bb41cecc",
    "data": [
      {
        "text": "I need to talk to a representative.",
        "userDefined": false
      }
    ],
    "isTemplate": false,
    "count": 0,
    "lang": "en",
    "updated": 0
  }
]