[
  {
    "id": "481ab144-d959-4a59-bbff-327944201cb8",
    "data": [
      {
        "text": "Login error.",
        "userDefined": false
      }
    ],
    "isTemplate": false,
    "count": 0,
    "lang": "en",
    "updated": 0
  },
  {
    "id": "57418f89-1d3d-4d30-bde5-8ff6a83998d4",
    "data": [
      {
        "text": "My password is not working.",
        "userDefined": false
      }
    ],
    "isTemplate": false,
    "count": 0,
    "lang": "en",
    "updated": 0
  },
  {
    "id": "813c5778-60d6-47e8-b328-c2324aaac11d",
    "data": [
      {
        "text": "I can\u0027t log in.",
        "userDefined": false
      }
    ],
    "isTemplate": false,
    "count": 0,
    "lang": "en",
    "updated": 0
  }
]