[
  {
    "id": "fe0f107e-5bc6-44f4-ae81-906f58a5dea0",
    "data": [
      {
        "text": "Book a table for ",
        "userDefined": false
      },
      {
        "text": "today at 7 PM",
        "meta": "@sys.date-time",
        "alias": "date-time",
        "userDefined": false
      }
    ],
    "isTemplate": false,
    "count": 0,
    "lang": "en",
    "updated": 0
  },
  {
    "id": "d546dd53-02f8-4d40-b860-83679ef95964",
    "data": [
      {
        "text": "I need a table for ",
        "userDefined": false
      },
      {
        "text": "4",
        "meta": "@sys.number",
        "alias": "number",
        "userDefined": false
      },
      {
        "text": " people ",
        "userDefined": false
      },
      {
        "text": "at 9",
        "meta": "@sys.date-time",
        "alias": "date-time",
        "userDefined": false
      },
      {
        "text": " PMa table for ",
        "userDefined": false
      },
      {
        "text": "2",
        "meta": "@sys.number",
        "alias": "number",
        "userDefined": false
      },
      {
        "text": " ",
        "userDefined": false
      },
      {
        "text": "at 7 PM",
        "meta": "@sys.date-time",
        "alias": "date-time",
        "userDefined": false
      }
    ],
    "isTemplate": false,
    "count": 0,
    "lang": "en",
    "updated": 0
  },
  {
    "id": "8ab7a3f1-9a5e-4e65-9c1b-0b863554c89e",
    "data": [
      {
        "text": "I need to book a dinner table for ",
        "userDefined": false
      },
      {
        "text": "Friday",
        "meta": "@sys.date-time",
        "alias": "date-time",
        "userDefined": false
      },
      {
        "text": ".",
        "userDefined": false
      }
    ],
    "isTemplate": false,
    "count": 0,
    "lang": "en",
    "updated": 0
  },
  {
    "id": "1784a84f-d6a5-4cb9-b540-4366edf0d4a9",
    "data": [
      {
        "text": "I want to book a table for ",
        "userDefined": false
      },
      {
        "text": "two",
        "meta": "@sys.number",
        "alias": "number",
        "userDefined": false
      },
      {
        "text": " people",
        "userDefined": false
      }
    ],
    "isTemplate": false,
    "count": 0,
    "lang": "en",
    "updated": 0
  },
  {
    "id": "0cddffa8-84e5-414a-a6a1-0bd947e15ae8",
    "data": [
      {
        "text": "Reserve a spot for me ",
        "userDefined": false
      },
      {
        "text": "tomorrow night",
        "meta": "@sys.date-time",
        "alias": "date-time",
        "userDefined": false
      }
    ],
    "isTemplate": false,
    "count": 0,
    "lang": "en",
    "updated": 0
  },
  {
    "id": "38eca797-526f-4f0d-ba89-6af70119a924",
    "data": [
      {
        "text": "Make a reservation for ",
        "userDefined": false
      },
      {
        "text": "six",
        "meta": "@sys.number",
        "alias": "number",
        "userDefined": false
      },
      {
        "text": " people ",
        "userDefined": false
      },
      {
        "text": "at noon",
        "meta": "@sys.date-time",
        "alias": "date-time",
        "userDefined": false
      }
    ],
    "isTemplate": false,
    "count": 0,
    "lang": "en",
    "updated": 0
  },
  {
    "id": "17dff4c9-f8f7-4420-aacd-fed9c3efe61d",
    "data": [
      {
        "text": "I\u0027d like to schedule a table for lunch",
        "userDefined": false
      }
    ],
    "isTemplate": false,
    "count": 0,
    "lang": "en",
    "updated": 0
  },
  {
    "id": "c43ef99f-2822-4a98-87c3-4ba52e31f589",
    "data": [
      {
        "text": "Do you have any tables available ",
        "userDefined": false
      },
      {
        "text": "at 6 PM",
        "meta": "@sys.date-time",
        "alias": "date-time",
        "userDefined": false
      },
      {
        "text": "?",
        "userDefined": false
      }
    ],
    "isTemplate": false,
    "count": 1,
    "lang": "en",
    "updated": 0
  },
  {
    "id": "566a2676-22f6-426c-bc07-72364f2dac3c",
    "data": [
      {
        "text": "Can I reserve a seat for ",
        "userDefined": false
      },
      {
        "text": "four",
        "meta": "@sys.number",
        "alias": "number",
        "userDefined": false
      },
      {
        "text": " people",
        "userDefined": false
      }
    ],
    "isTemplate": false,
    "count": 1,
    "lang": "en",
    "updated": 0
  },
  {
    "id": "3d4760d7-d093-4aed-9604-d18218c14a7c",
    "data": [
      {
        "text": "I need a dinner reservation for ",
        "userDefined": false
      },
      {
        "text": "tonight",
        "meta": "@sys.date-time",
        "alias": "date-time",
        "userDefined": false
      }
    ],
    "isTemplate": false,
    "count": 0,
    "lang": "en",
    "updated": 0
  },
  {
    "id": "779eab9f-dd84-400e-9e44-acf8eb0ce746",
    "data": [
      {
        "text": "Reserve a table for me ",
        "userDefined": false
      },
      {
        "text": "at 7 PM",
        "meta": "@sys.date-time",
        "alias": "date-time",
        "userDefined": false
      }
    ],
    "isTemplate": false,
    "count": 0,
    "lang": "en",
    "updated": 0
  },
  {
    "id": "1f2da9dd-d487-4884-bfe6-1f4f5385522b",
    "data": [
      {
        "text": "Can I make a reservation?",
        "userDefined": false
      }
    ],
    "isTemplate": false,
    "count": 0,
    "lang": "en",
    "updated": 0
  },
  {
    "id": "bd7870e7-27be-4a1c-9e92-2d62a2059def",
    "data": [
      {
        "text": "I want to book a table",
        "userDefined": false
      }
    ],
    "isTemplate": false,
    "count": 0,
    "lang": "en",
    "updated": 0
  }
]