[
  {
    "id": "3e7dad8d-6351-4fab-86f6-d57b0f179407",
    "data": [
      {
        "text": "I want to change my reservation",
        "userDefined": false
      }
    ],
    "isTemplate": false,
    "count": 0,
    "lang": "en",
    "updated": 0
  },
  {
    "id": "fa11de85-5ccd-47d9-a957-dfc794df236e",
    "data": [
      {
        "text": "Modify my booking to ",
        "userDefined": false
      },
      {
        "text": "5",
        "meta": "@sys.number",
        "alias": "number",
        "userDefined": false
      },
      {
        "text": " people on Saturday",
        "userDefined": false
      }
    ],
    "isTemplate": false,
    "count": 0,
    "lang": "en",
    "updated": 0
  },
  {
    "id": "8c84b01c-c0e9-4047-8bbe-77827867214c",
    "data": [
      {
        "text": "Change my reservation to ",
        "userDefined": false
      },
      {
        "text": "3",
        "meta": "@sys.number",
        "alias": "number",
        "userDefined": false
      },
      {
        "text": " guests",
        "userDefined": false
      }
    ],
    "isTemplate": false,
    "count": 0,
    "lang": "en",
    "updated": 0
  }
]