[
  {
    "id": "f012cbac-4c03-487b-89db-105ddcabf84d",
    "data": [
      {
        "text": "track order",
        "userDefined": false
      }
    ],
    "isTemplate": false,
    "count": 0,
    "lang": "en",
    "updated": 0
  },
  {
    "id": "5ed4c6e7-844e-4682-9c17-53113d2a55a7",
    "data": [
      {
        "text": "check the status of my order",
        "userDefined": false
      }
    ],
    "isTemplate": false,
    "count": 0,
    "lang": "en",
    "updated": 0
  },
  {
    "id": "9e3efeaf-fcda-427a-9fb8-66d1d906bbf0",
    "data": [
      {
        "text": "track existing order",
        "userDefined": false
      }
    ],
    "isTemplate": false,
    "count": 0,
    "lang": "en",
    "updated": 0
  },
  {
    "id": "667ed945-a8c2-4827-b005-d6943318b6ba",
    "data": [
      {
        "text": "Is my ",
        "userDefined": false
      },
      {
        "text": "coffee",
        "meta": "@food_items",
        "alias": "food_items",
        "userDefined": false
      },
      {
        "text": " on the way?",
        "userDefined": false
      }
    ],
    "isTemplate": false,
    "count": 0,
    "lang": "en",
    "updated": 0
  },
  {
    "id": "8675c1fc-8caa-4ed8-b043-83f8b3fba4a7",
    "data": [
      {
        "text": "Tell me the expected delivery time",
        "userDefined": false
      }
    ],
    "isTemplate": false,
    "count": 0,
    "lang": "en",
    "updated": 0
  },
  {
    "id": "75134fc5-28bd-46a4-8678-e936e4b5536b",
    "data": [
      {
        "text": "Check my order progress.",
        "userDefined": false
      }
    ],
    "isTemplate": false,
    "count": 0,
    "lang": "en",
    "updated": 0
  },
  {
    "id": "ffa17543-135b-4451-9e18-51cdec109111",
    "data": [
      {
        "text": "Has my order been dispatched?",
        "userDefined": false
      }
    ],
    "isTemplate": false,
    "count": 0,
    "lang": "en",
    "updated": 0
  },
  {
    "id": "c5a536ab-ba57-4625-9db8-a14b40888769",
    "data": [
      {
        "text": "Is my ",
        "userDefined": false
      },
      {
        "text": "pizza",
        "meta": "@food_items",
        "alias": "food_items",
        "userDefined": false
      },
      {
        "text": " ready?",
        "userDefined": false
      }
    ],
    "isTemplate": false,
    "count": 0,
    "lang": "en",
    "updated": 0
  },
  {
    "id": "5f33b8a6-f86f-4ede-a1ee-e297f8e40388",
    "data": [
      {
        "text": "Track my order, please.",
        "userDefined": false
      }
    ],
    "isTemplate": false,
    "count": 0,
    "lang": "en",
    "updated": 0
  },
  {
    "id": "64e000d6-a1dc-46c5-8e20-93b0748c9e2b",
    "data": [
      {
        "text": "How long will my food take to arrive?",
        "userDefined": false
      }
    ],
    "isTemplate": false,
    "count": 0,
    "lang": "en",
    "updated": 0
  },
  {
    "id": "9dc7a57f-41e5-4fe9-9528-c954729685e0",
    "data": [
      {
        "text": "Is my food being prepared?",
        "userDefined": false
      }
    ],
    "isTemplate": false,
    "count": 0,
    "lang": "en",
    "updated": 0
  },
  {
    "id": "c6fe78a5-69ca-4045-afda-7a799377b961",
    "data": [
      {
        "text": "What is the status of my order?",
        "userDefined": false
      }
    ],
    "isTemplate": false,
    "count": 0,
    "lang": "en",
    "updated": 0
  },
  {
    "id": "d44efe98-2e91-4ab8-a32e-1e69de9dda53",
    "data": [
      {
        "text": "Where is my order?",
        "userDefined": false
      }
    ],
    "isTemplate": false,
    "count": 0,
    "lang": "en",
    "updated": 0
  }
]