[
  {
    "id": "bcf59060-cb91-4e53-9d83-93ad80ebbf93",
    "data": [
      {
        "text": "Has my ",
        "userDefined": false
      },
      {
        "text": "food",
        "meta": "@food_items",
        "alias": "food_items",
        "userDefined": false
      },
      {
        "text": " order ",
        "userDefined": false
      },
      {
        "text": "been",
        "meta": "@food_items",
        "alias": "food_items",
        "userDefined": false
      },
      {
        "text": " dispatched?",
        "userDefined": false
      }
    ],
    "isTemplate": false,
    "count": 0,
    "lang": "en",
    "updated": 0
  },
  {
    "id": "44e06b34-1c87-41c8-80e0-b41f773b7007",
    "data": [
      {
        "text": "Is my ",
        "userDefined": false
      },
      {
        "text": "pizza",
        "meta": "@food_items",
        "alias": "food_items",
        "userDefined": false
      },
      {
        "text": " order on the way?",
        "userDefined": false
      }
    ],
    "isTemplate": false,
    "count": 0,
    "lang": "en",
    "updated": 0
  },
  {
    "id": "25c0fd72-c002-4086-8b43-cbafd85c96b4",
    "data": [
      {
        "text": "What is the estimated delivery time for my ",
        "userDefined": false
      },
      {
        "text": "meal",
        "meta": "@food_items",
        "alias": "food_items",
        "userDefined": false
      },
      {
        "text": "?",
        "userDefined": false
      }
    ],
    "isTemplate": false,
    "count": 0,
    "lang": "en",
    "updated": 0
  },
  {
    "id": "5194175f-9b10-47d5-97e5-d4be6afb8eb2",
    "data": [
      {
        "text": "Tell me about my ",
        "userDefined": false
      },
      {
        "text": "coffee",
        "meta": "@food_items",
        "alias": "food_items",
        "userDefined": false
      },
      {
        "text": " order.",
        "userDefined": false
      }
    ],
    "isTemplate": false,
    "count": 0,
    "lang": "en",
    "updated": 0
  },
  {
    "id": "ba01741d-2f1b-4fc6-8fce-e26d0ca4886b",
    "data": [
      {
        "text": "Check the status of my ",
        "userDefined": false
      },
      {
        "text": "sushi",
        "meta": "@food_items",
        "alias": "food_items",
        "userDefined": true
      },
      {
        "text": " order.",
        "userDefined": false
      }
    ],
    "isTemplate": false,
    "count": 0,
    "lang": "en",
    "updated": 0
  },
  {
    "id": "45a95d3b-b088-455e-927d-09277ec373eb",
    "data": [
      {
        "text": "When will my ",
        "userDefined": false
      },
      {
        "text": "fries",
        "meta": "@food_items",
        "alias": "food_items",
        "userDefined": false
      },
      {
        "text": " be delivered?",
        "userDefined": false
      }
    ],
    "isTemplate": false,
    "count": 0,
    "lang": "en",
    "updated": 0
  },
  {
    "id": "6a79cb18-1a91-40e3-8264-3cfd34c1ff76",
    "data": [
      {
        "text": "Has my ",
        "userDefined": false
      },
      {
        "text": "sandwich",
        "meta": "@food_items",
        "alias": "food_items",
        "userDefined": true
      },
      {
        "text": " order ",
        "userDefined": false
      },
      {
        "text": "been",
        "meta": "@sys.date-time",
        "alias": "date-time",
        "userDefined": false
      },
      {
        "text": " prepared?",
        "userDefined": false
      }
    ],
    "isTemplate": false,
    "count": 0,
    "lang": "en",
    "updated": 0
  },
  {
    "id": "b75b2c2b-1329-43a0-b4b1-4a87f4bd72c1",
    "data": [
      {
        "text": "Where is my ",
        "userDefined": false
      },
      {
        "text": "pasta",
        "meta": "@food_items",
        "alias": "food_items",
        "userDefined": false
      },
      {
        "text": " order ",
        "userDefined": false
      },
      {
        "text": "now",
        "meta": "@sys.date-time",
        "alias": "date-time",
        "userDefined": false
      },
      {
        "text": "?",
        "userDefined": false
      }
    ],
    "isTemplate": false,
    "count": 0,
    "lang": "en",
    "updated": 0
  },
  {
    "id": "029c02a3-f509-4deb-83a3-1e446433ea99",
    "data": [
      {
        "text": "Can you tell me the details of my ",
        "userDefined": false
      },
      {
        "text": "burger",
        "meta": "@product",
        "alias": "product",
        "userDefined": false
      },
      {
        "text": " order?",
        "userDefined": false
      }
    ],
    "isTemplate": false,
    "count": 0,
    "lang": "en",
    "updated": 0
  },
  {
    "id": "6512927f-af0d-45c5-beef-242edc526c5c",
    "data": [
      {
        "text": "What is the status of my ",
        "userDefined": false
      },
      {
        "text": "pizza",
        "meta": "@food_items",
        "alias": "food_items",
        "userDefined": false
      },
      {
        "text": " order?",
        "userDefined": false
      }
    ],
    "isTemplate": false,
    "count": 0,
    "lang": "en",
    "updated": 0
  }
]