[
  {
    "id": "28103068-3a84-4be8-ac34-7e45b01711b1",
    "data": [
      {
        "text": "remove my order",
        "userDefined": false
      }
    ],
    "isTemplate": false,
    "count": 0,
    "lang": "en",
    "updated": 0
  },
  {
    "id": "6ede42e6-8f4b-474f-80f3-50c8550d7919",
    "data": [
      {
        "text": "remove ",
        "userDefined": false
      },
      {
        "text": "pizza",
        "meta": "@food_items",
        "alias": "food_items",
        "userDefined": false
      },
      {
        "text": " from my order",
        "userDefined": false
      }
    ],
    "isTemplate": false,
    "count": 0,
    "lang": "en",
    "updated": 0
  },
  {
    "id": "86c9211e-f75d-41ac-bdb1-0a68a0827cc8",
    "data": [
      {
        "text": "hey, plz get rid of ",
        "userDefined": false
      },
      {
        "text": "biryani",
        "meta": "@food_items",
        "alias": "food_items",
        "userDefined": false
      },
      {
        "text": " and ",
        "userDefined": false
      },
      {
        "text": "coffee",
        "meta": "@food_items",
        "alias": "food_items",
        "userDefined": false
      }
    ],
    "isTemplate": false,
    "count": 0,
    "lang": "en",
    "updated": 0
  },
  {
    "id": "11295059-88c8-4b6f-88cf-441ec5d6effe",
    "data": [
      {
        "text": "delete ",
        "userDefined": false
      },
      {
        "text": "coffee",
        "meta": "@food_items",
        "alias": "food_items",
        "userDefined": false
      },
      {
        "text": " from my order",
        "userDefined": false
      }
    ],
    "isTemplate": false,
    "count": 0,
    "lang": "en",
    "updated": 0
  },
  {
    "id": "b01b993f-2b8e-4725-8dce-5ad8702bab66",
    "data": [
      {
        "text": "No ",
        "userDefined": false
      },
      {
        "text": "biryani",
        "meta": "@food_items",
        "alias": "food_items",
        "userDefined": false
      },
      {
        "text": " and ",
        "userDefined": false
      },
      {
        "text": "pizza",
        "meta": "@food_items",
        "alias": "food_items",
        "userDefined": false
      },
      {
        "text": " in my order. please remove.",
        "userDefined": false
      }
    ],
    "isTemplate": false,
    "count": 0,
    "lang": "en",
    "updated": 0
  }
]