[
  {
    "id": "fd51b20b-5bef-4acf-95c6-c7dcc6d31b24",
    "data": [
      {
        "text": "I have a technical issue.",
        "userDefined": false
      }
    ],
    "isTemplate": false,
    "count": 0,
    "lang": "en",
    "updated": 0
  },
  {
    "id": "fabc58ca-2088-47c9-99a1-6420bd240026",
    "data": [
      {
        "text": "I need help with my account",
        "userDefined": false
      }
    ],
    "isTemplate": false,
    "count": 0,
    "lang": "en",
    "updated": 0
  },
  {
    "id": "798659c7-5d54-4997-9b2e-a20204735715",
    "data": [
      {
        "text": "My device is not working.",
        "userDefined": false
      }
    ],
    "isTemplate": false,
    "count": 0,
    "lang": "en",
    "updated": 0
  }
]